Nejčastější dotazy,Prokliky,Zobrazení,CTR,Pozice
kameraman praha,5,106,4.72%,6.56
kameraman,0,24,0%,33.75
videomaker praha,0,16,0%,11.25
videomaker,0,13,0%,7.77
video produkce praha,0,9,0%,10.22
firemní kameraman,0,9,0%,53.44
video content creator,0,7,0%,8.71
content production,0,7,0%,9.86
kameraman pro reklamní video brno,0,7,0%,94.29
content creator,0,6,0%,7.5
video editing,0,5,0%,12
video agency,0,5,0%,19.6
videoprodukce praha,0,5,0%,36.4
online rezervace,0,5,0%,77.2
all in one,0,4,0%,6
video maker,0,4,0%,9
ugc tvůrce cena,0,4,0%,19
one all,0,3,0%,2
ugc actor,0,3,0%,5
all-in-one,0,3,0%,8.67
video creator,0,3,0%,10.67
kreator praha,0,3,0%,14.33
all production,0,3,0%,22
all one,0,2,0%,1.5
internet benatky nad jizerou,0,2,0%,11.5
ugc spoluprace,0,2,0%,49.5
one production,0,1,0%,1
video produkce,0,1,0%,1
videomarker,0,1,0%,3
videonaker,0,1,0%,3
contentproduction,0,1,0%,5
tomas ja,0,1,0%,6
video maker with music,0,1,0%,7
octomas,0,1,0%,8
all in,0,1,0%,9
tomas praha,0,1,0%,9
video makerr,0,1,0%,11
content creator video,0,1,0%,12
svatební videa,0,1,0%,12
videomaker.ai,0,1,0%,13
content creator services,0,1,0%,14
kameraman kameraman,0,1,0%,14
tomas-praha.com,0,1,0%,18
reklamní spoty,0,1,0%,72