Nejvýznamnější stránky,Prokliky,Zobrazení,CTR,Pozice
https://www.jajsemtomas.cz/,31,456,6.8%,9.99
https://www.jajsemtomas.cz/ugc-herec,5,93,5.38%,8.7
https://www.jajsemtomas.cz/reference,3,54,5.56%,5.35
https://www.jajsemtomas.cz/o-mne,2,81,2.47%,12.21
https://www.jajsemtomas.cz/service-page/3-reels-15-fotek,2,10,20%,6.2
https://www.jajsemtomas.cz/kontakt,1,37,2.7%,6.68
https://www.jajsemtomas.cz/online-rezervace,1,36,2.78%,16.11
https://www.jajsemtomas.cz/en,1,11,9.09%,8.64
https://www.jajsemtomas.cz/partner-socialvids,1,8,12.5%,8.25
https://www.jajsemtomas.cz/?utm_source=google&utm_medium=wix_google_business_profile&utm_campaign=7668685677459733487,0,98,0%,8.94
https://www.jajsemtomas.cz/faq,0,28,0%,11.25
https://www.jajsemtomas.cz/reels-balicky,0,27,0%,5.04
https://www.jajsemtomas.cz/portfolio,0,22,0%,5
https://www.jajsemtomas.cz/sluzby/event-video,0,18,0%,8.78
https://www.jajsemtomas.cz/service-page/1-reels-5-fotek,0,9,0%,6.67
https://www.jajsemtomas.cz/en/category/all-products,0,8,0%,6.12
https://www.jajsemtomas.cz/reels-quiz,0,8,0%,10.75
https://www.jajsemtomas.cz/rezervace,0,6,0%,4.83
https://www.jajsemtomas.cz/ochrana-udaju,0,3,0%,3.67